Manufacturer,Logo
Wonderful Pistachios,/img/avatar-wonderful-pistachios.png
Florida's Natural,/img/avatar-florida's-natural.png
Perfetti van Melle,/img/avatar-perfetti-van-melle.png
Highline Warren,/img/avatar-highline-warren.png
Ford Gum,/img/avatar-ford-gum.png
Energizer Auto,/img/avatar-energizer-auto-sales.png
Energizer Battery,/img/avatar-energizer-battery.png
Lil' Drug Store,/img/avatar-lil'-drug-store.png
Lil' Drug Store - P&G,/img/avatar-lil'-drug-store---p&g-.png
Mondelez,/img/avatar-mondelez.png
Simply Good Foods,/img/avatar-simply-good-foods.png
Ferrero,/img/avatar-ferrero.png
Just Born,/img/avatar-just-born.png
Old Trapper,/img/avatar-old-trapper.png
HERSHEY,/img/avatar-hershey.png
Jack Links,/img/avatar-jack-links.png
SPARTANNASH COMPANY,/img/avatar-spartannash-company.png
LINK SNACKS INC.,/img/avatar-link-snacks-inc..png
PVM,/img/avatar-pvm.png
Albanese,/img/avatar-pvm.png
